order_id,order_date,category,region,quantity,unit_price,customer_age,rating,revenue
1123,2024-01-01,Electronics,South,3,198.59,69,4.7,595.77
1065,2024-01-02,Home,West,9,113.51,25,3.3,1021.59
1019,2024-01-02,Clothing,South,7,493.4,35,2.6,3453.8
1248,2024-01-02,Sports,West,2,292.19,22,2.4,584.38
1194,2024-01-02,Clothing,North,9,435.11,65,3.1,3915.99
1220,2024-01-03,Clothing,West,2,399.92,25,4.5,799.84
1168,2024-01-03,Electronics,East,5,7.45,38,2.0,37.25
1069,2024-01-04,Home,North,9,395.9,42,2.3,3563.1
1315,2024-01-04,Electronics,South,8,432.08,49,3.9,3456.64
1124,2024-01-05,Books,East,5,484.86,46,1.2,2424.3
1104,2024-01-05,Electronics,West,9,313.37,36,2.0,2820.33
1323,2024-01-06,Electronics,West,2,198.5,38,1.4,397.0
1242,2024-01-07,Electronics,North,9,261.95,36,3.2,2357.55
1374,2024-01-08,Sports,South,3,334.13,59,3.6,1002.39
1057,2024-01-08,Home,West,1,323.57,69,3.6,323.57
1304,2024-01-08,Sports,North,7,391.36,69,1.2,2739.52
1399,2024-01-08,Home,South,9,156.23,30,1.4,1406.07
1049,2024-01-09,Electronics,South,5,401.86,50,2.3,2009.3
1254,2024-01-09,Sports,East,8,477.98,55,4.3,3823.84
1092,2024-01-09,Clothing,East,6,434.18,22,1.6,2605.08
1236,2024-01-11,Home,East,6,303.71,48,4.6,1822.26
1185,2024-01-12,Electronics,South,2,224.66,59,3.2,449.32
1109,2024-01-12,Electronics,South,8,454.97,45,1.3,3639.76
1144,2024-01-13,Clothing,North,7,23.15,38,1.5,162.05
1366,2024-01-13,Clothing,East,6,91.77,47,3.5,550.62
1074,2024-01-14,Electronics,South,2,118.09,49,3.1,236.18
1048,2024-01-14,Home,North,7,358.47,42,1.6,2509.29
1396,2024-01-15,Electronics,North,4,48.38,19,1.0,193.52
1087,2024-01-15,Books,West,3,215.62,19,3.9,646.86
1129,2024-01-15,Books,North,1,69.78,67,2.0,69.78
1032,2024-01-15,Home,West,8,201.48,31,3.2,1611.84
1004,2024-01-15,Sports,East,7,158.63,35,1.1,1110.41
1077,2024-01-15,Home,North,3,326.91,30,2.0,980.73
1318,2024-01-17,Clothing,North,3,16.7,66,2.1,50.1
1353,2024-01-17,Home,South,9,327.18,68,3.7,2944.62
1044,2024-01-18,Sports,South,6,30.73,35,3.8,184.38
1337,2024-01-18,Home,South,8,291.3,60,4.6,2330.4
1372,2024-01-20,Sports,North,6,379.3,64,2.5,2275.8
1007,2024-01-21,Home,North,5,40.86,39,4.8,204.3
1307,2024-01-21,Electronics,West,2,214.75,38,2.1,429.5
1024,2024-01-21,Electronics,North,9,282.03,59,2.4,2538.27
1287,2024-01-21,Clothing,South,2,244.36,33,4.5,488.72
1041,2024-01-21,Books,West,9,354.71,35,1.2,3192.39
1299,2024-01-22,Sports,South,6,208.46,57,3.2,1250.76
1027,2024-01-22,Books,North,3,261.27,23,3.4,783.81
1327,2024-01-24,Books,North,4,72.54,63,2.2,290.16
1210,2024-01-24,Electronics,South,1,436.02,40,4.9,436.02
1344,2024-01-24,Electronics,North,1,117.19,19,5.0,117.19
1082,2024-01-24,Clothing,West,8,132.55,46,4.2,1060.4
1338,2024-01-25,Electronics,South,2,140.71,42,1.7,281.42
1361,2024-01-26,Clothing,East,1,366.67,50,4.1,5500.05
1165,2024-01-27,Sports,East,3,78.43,52,1.2,235.29
1305,2024-01-27,Clothing,East,5,141.03,47,4.0,705.15
1306,2024-01-27,Clothing,North,7,412.19,37,4.7,2885.33
1127,2024-01-27,Books,North,9,165.97,55,3.9,1493.73
1148,2024-01-28,Sports,East,6,422.86,27,3.8,2537.16
1106,2024-01-28,Clothing,East,5,367.89,52,4.0,1839.45
1310,2024-01-28,Clothing,East,7,313.81,68,4.6,2196.67
1154,2024-01-28,Clothing,West,8,138.53,38,4.8,1108.24
1155,2024-01-28,Clothing,East,2,33.26,43,4.4,66.52
1142,2024-01-29,Sports,East,9,87.69,19,3.2,789.21
1308,2024-01-30,Clothing,North,4,335.44,61,4.4,1341.76
1159,2024-01-30,Clothing,North,7,65.44,35,3.6,458.08
1346,2024-02-01,Sports,East,3,39.36,38,3.1,118.08
1382,2024-02-01,Home,East,5,272.28,21,2.4,1361.4
1111,2024-02-02,Electronics,East,1,122.58,68,1.1,122.58
1102,2024-02-02,Home,South,1,456.62,26,2.0,456.62
1285,2024-02-02,Electronics,East,8,132.0,49,3.6,1056.0
1295,2024-02-02,Home,North,9,442.68,57,1.4,3984.12
1059,2024-02-04,Books,North,9,367.14,52,3.5,3304.26
1119,2024-02-04,Electronics,East,5,259.83,57,1.1,1299.15
1316,2024-02-04,Clothing,West,2,112.29,47,2.2,224.58
1143,2024-02-05,Electronics,South,9,87.97,44,3.1,791.73
1370,2024-02-05,Clothing,East,3,52.85,42,3.0,2378.25
1326,2024-02-06,Clothing,South,4,493.95,25,2.9,1975.8
1115,2024-02-06,Books,South,7,248.68,50,3.1,1740.76
1252,2024-02-06,Clothing,North,3,407.43,25,1.7,1222.29
1022,2024-02-07,Books,South,5,310.99,47,1.0,1554.95
1301,2024-02-07,Books,East,5,450.51,42,4.9,2252.55
1209,2024-02-07,Electronics,East,9,206.42,34,2.1,1857.78
1359,2024-02-08,Home,West,6,332.61,60,,1995.66
1186,2024-02-08,Electronics,South,3,434.73,30,3.0,1304.19
1232,2024-02-08,Electronics,South,9,122.58,22,,1103.22
1078,2024-02-09,Clothing,North,5,103.77,48,2.7,518.85
1105,2024-02-10,Clothing,West,2,317.62,26,2.1,635.24
1085,2024-02-10,Home,West,7,364.95,46,1.5,2554.65
1131,2024-02-11,Home,North,3,229.63,69,1.8,688.89
1240,2024-02-11,Sports,West,7,192.99,69,4.4,1350.93
1357,2024-02-12,Home,East,2,336.4,30,3.1,672.8
1072,2024-02-13,Electronics,East,1,279.9,62,4.3,279.9
1157,2024-02-13,Electronics,West,2,468.62,62,2.8,937.24
1088,2024-02-14,Electronics,East,6,176.24,40,3.0,1057.44
1151,2024-02-14,Home,North,7,434.79,22,2.8,3043.53
1329,2024-02-15,Sports,East,2,205.14,63,2.2,410.28
1321,2024-02-15,Electronics,North,7,275.62,64,,1929.34
1288,2024-02-17,Electronics,West,8,403.97,49,4.1,3231.76
1313,2024-02-17,Clothing,West,9,88.17,38,1.1,793.53
1257,2024-02-17,Books,South,4,8.74,65,1.6,34.96
1076,2024-02-17,Electronics,West,1,487.52,45,4.8,487.52
1112,2024-02-17,Books,East,9,485.84,24,1.3,4372.56
1250,2024-02-17,Electronics,North,8,305.91,47,4.3,2447.28
1392,2024-02-18,Sports,East,9,22.9,63,2.1,206.1
1029,2024-02-18,Clothing,North,6,178.56,33,3.6,1071.36
1317,2024-02-18,Home,South,8,52.38,56,4.3,419.04
1363,2024-02-19,Home,West,5,34.77,36,4.6,173.85
1062,2024-02-19,Home,North,5,127.32,42,2.6,636.6
1174,2024-02-20,Sports,North,1,246.98,65,4.5,246.98
1034,2024-02-20,Home,East,1,285.93,32,3.4,285.93
1039,2024-02-20,Electronics,North,8,56.76,19,3.0,454.08
1303,2024-02-20,Electronics,West,3,122.25,39,2.7,366.75
1384,2024-02-20,Electronics,South,2,262.87,52,1.2,525.74
1228,2024-02-21,Home,North,5,201.11,41,1.7,1005.55
1136,2024-02-21,Sports,South,5,171.82,39,2.4,859.1
1184,2024-02-21,Electronics,East,7,337.94,38,4.6,2365.58
1202,2024-02-22,Clothing,West,2,199.96,28,3.1,399.92
1400,2024-02-22,Sports,East,6,201.51,26,2.4,1209.06
1081,2024-02-22,Home,South,5,20.17,35,1.7,100.85
1051,2024-02-22,Sports,East,2,408.34,48,1.4,816.68
1018,2024-02-22,Electronics,West,7,124.81,55,3.4,873.67
1397,2024-02-23,Home,South,9,468.79,58,1.9,4219.11
1067,2024-02-23,Sports,East,8,171.76,51,1.7,1374.08
1196,2024-02-23,Clothing,East,4,20.04,50,4.2,80.16
1339,2024-02-23,Sports,East,2,44.31,39,1.3,88.62
1280,2024-02-23,Sports,West,1,94.81,29,3.1,94.81
1070,2024-02-23,Sports,North,5,331.06,32,1.1,1655.3
1261,2024-02-23,Clothing,East,8,463.88,25,3.6,3711.04
1036,2024-02-24,Electronics,South,3,401.29,52,4.2,1203.87
1369,2024-02-26,Electronics,East,5,270.23,64,1.9,1351.15
1026,2024-02-27,Electronics,North,5,166.6,31,1.4,833.0
1389,2024-02-27,Home,West,8,413.9,42,2.9,3311.2
1390,2024-02-27,Clothing,West,3,392.1,27,1.8,1176.3
1340,2024-02-27,Clothing,East,4,47.4,45,2.0,189.6
1177,2024-02-28,Clothing,South,9,19.84,52,2.0,178.56
1030,2024-02-28,Home,East,8,21.44,24,,171.52
1047,2024-02-29,Clothing,East,2,436.13,19,2.8,872.26
1246,2024-02-29,Electronics,North,3,193.2,68,4.3,579.6
1367,2024-02-29,Books,East,3,346.55,56,3.4,1039.65
1312,2024-03-01,Electronics,East,1,295.37,66,4.2,295.37
1152,2024-03-02,Clothing,West,9,106.89,18,2.9,962.01
1183,2024-03-02,Electronics,East,2,51.48,59,2.9,102.96
1172,2024-03-02,Clothing,East,7,230.1,51,3.1,1610.7
1114,2024-03-02,Clothing,West,9,427.92,33,1.6,3851.28
1386,2024-03-03,Clothing,West,7,49.12,59,2.1,343.84
1096,2024-03-03,Electronics,North,1,245.9,42,3.6,245.9
1134,2024-03-03,Books,East,1,89.03,44,4.9,89.03
1037,2024-03-04,Clothing,East,1,104.07,19,2.1,104.07
1373,2024-03-05,Electronics,West,2,177.05,25,3.0,354.1
1089,2024-03-05,Clothing,North,2,188.66,36,2.7,377.32
1381,2024-03-06,Sports,West,1,463.87,18,2.0,463.87
1149,2024-03-06,Electronics,East,7,403.81,40,3.2,2826.67
1341,2024-03-07,Clothing,West,3,447.62,46,4.2,1342.86
1335,2024-03-07,Home,North,1,56.53,39,3.7,56.53
1284,2024-03-08,Electronics,East,3,285.82,30,2.2,857.46
1206,2024-03-08,Electronics,West,9,499.71,25,2.3,4497.39
1211,2024-03-09,Electronics,North,9,392.28,41,1.6,3530.52
1395,2024-03-10,Home,West,4,183.27,44,1.0,733.08
1218,2024-03-10,Home,North,8,404.88,40,3.5,3239.04
1091,2024-03-11,Clothing,North,8,24.85,68,4.1,198.8
1146,2024-03-11,Home,South,7,333.58,32,3.9,2335.06
1108,2024-03-12,Clothing,East,9,359.33,26,4.1,3233.97
1006,2024-03-12,Clothing,West,7,10.75,52,1.8,75.25
1042,2024-03-13,Electronics,West,7,20.64,31,2.3,144.48
1266,2024-03-15,Books,North,2,245.51,32,4.9,491.02
1160,2024-03-15,Electronics,East,3,228.84,54,3.2,686.52
1010,2024-03-15,Books,North,4,302.01,39,1.6,1208.04
1060,2024-03-21,Books,West,6,45.41,58,4.1,272.46
1098,2024-03-21,Home,North,4,450.85,28,1.3,1803.4
1192,2024-03-21,Books,South,8,251.1,18,4.9,2008.8
1233,2024-03-22,Electronics,East,1,189.76,37,3.2,189.76
1279,2024-03-22,Home,North,5,342.15,53,3.8,1710.75
1079,2024-03-22,Home,South,4,341.71,31,4.5,1366.84
1053,2024-03-24,Electronics,North,4,447.93,18,3.4,1791.72
1271,2024-03-24,Home,East,2,271.88,21,3.7,543.76
1158,2024-03-24,Clothing,North,4,24.48,38,2.6,97.92
1391,2024-03-26,Clothing,South,4,355.83,38,3.4,1423.32
1348,2024-03-26,Clothing,West,2,38.47,69,4.3,76.94
1147,2024-03-26,Sports,North,5,239.94,38,1.3,1199.7
1383,2024-03-26,Books,West,8,421.81,57,2.9,3374.48
1197,2024-03-27,Electronics,West,5,465.82,27,3.3,2329.1
1020,2024-03-28,Home,North,4,75.54,62,2.7,302.16
1011,2024-03-28,Home,South,2,149.37,54,2.2,298.74
1093,2024-03-28,Home,East,6,291.44,36,3.4,1748.64
1028,2024-03-29,Home,North,4,48.49,20,2.9,193.96
1046,2024-03-29,Clothing,West,4,355.98,42,3.1,1423.92
1090,2024-03-29,Books,South,7,493.89,48,3.9,3457.23
1244,2024-03-30,Electronics,North,4,17.69,68,2.3,70.76
1050,2024-03-30,Books,West,6,173.03,53,2.7,1038.18
1130,2024-03-30,Electronics,North,8,485.06,54,3.6,3880.48
1224,2024-03-30,Clothing,East,4,274.52,60,2.7,1098.08
1379,2024-04-01,Home,East,8,80.45,22,3.5,643.6
1054,2024-04-01,Books,West,9,276.06,63,3.9,2484.54
1162,2024-04-01,Home,West,7,161.5,49,3.1,1130.5
1003,2024-04-02,Clothing,South,7,399.79,21,4.0,2798.53
1219,2024-04-02,Electronics,South,8,382.33,54,1.3,3058.64
1275,2024-04-02,Clothing,North,5,139.95,42,1.9,699.75
1328,2024-04-02,Electronics,South,4,349.1,57,3.4,1396.4
1075,2024-04-04,Clothing,South,6,498.19,49,2.2,2989.14
1330,2024-04-04,Clothing,East,4,216.96,24,2.2,867.84
1180,2024-04-05,Books,South,2,104.92,69,,209.84
1137,2024-04-05,Sports,West,6,415.3,31,1.5,2491.8
1135,2024-04-05,Home,North,7,262.29,45,3.4,1836.03
1227,2024-04-05,Sports,North,6,186.4,68,3.5,1118.4
1309,2024-04-06,Clothing,South,2,52.29,49,2.2,104.58
1216,2024-04-06,Electronics,South,6,166.88,61,1.6,1001.28
1380,2024-04-07,Books,North,9,496.28,20,1.3,4466.52
1213,2024-04-07,Clothing,East,4,370.53,36,1.7,1482.12
1273,2024-04-08,Home,South,6,307.12,58,1.7,1842.72
1331,2024-04-08,Home,South,1,360.21,40,4.0,360.21
1324,2024-04-08,Home,West,5,299.27,30,2.0,1496.35
1362,2024-04-08,Sports,North,8,235.28,20,3.4,1882.24
1241,2024-04-08,Clothing,East,1,432.35,32,4.3,432.35
1255,2024-04-08,Clothing,West,9,14.03,64,1.4,1894.05
1116,2024-04-08,Home,West,3,127.38,21,,382.14
1013,2024-04-09,Clothing,West,1,430.76,59,5.0,430.76
1120,2024-04-10,Electronics,North,3,182.82,34,3.7,548.46
1190,2024-04-10,Home,North,5,472.58,26,2.5,2362.9
1398,2024-04-10,Clothing,North,6,279.13,65,1.1,1674.78
1001,2024-04-12,Electronics,South,7,293.08,40,3.2,2051.56
1008,2024-04-12,Electronics,East,3,199.28,60,2.5,597.84
1169,2024-04-12,Clothing,West,8,476.15,69,1.7,3809.2
1126,2024-04-12,Electronics,West,1,330.08,53,2.0,330.08
1354,2024-04-13,Clothing,West,7,268.81,40,4.3,1881.67
1063,2024-04-13,Sports,North,6,83.97,30,4.4,503.82
1118,2024-04-13,Clothing,East,2,225.43,56,4.6,450.86
1234,2024-04-13,Home,North,3,117.5,38,3.1,352.5
1014,2024-04-13,Clothing,South,5,391.03,29,2.5,1955.15
1270,2024-04-13,Home,West,5,402.5,53,,2012.5
1342,2024-04-13,Electronics,North,4,99.97,30,,399.88
1068,2024-04-15,Sports,North,2,95.15,21,2.4,190.3
1005,2024-04-16,Electronics,East,1,230.33,23,4.0,230.33
1156,2024-04-17,Home,North,7,267.93,67,3.7,1875.51
1035,2024-04-17,Electronics,East,2,346.29,38,3.7,692.58
1302,2024-04-18,Home,North,9,179.94,67,1.4,1619.46
1278,2024-04-19,Clothing,South,5,94.67,38,3.6,473.35
1055,2024-04-20,Clothing,West,6,409.56,33,5.0,2457.36
1080,2024-04-20,Clothing,North,3,40.74,37,4.4,122.22
1311,2024-04-20,Sports,East,2,228.63,63,4.0,457.26
1272,2024-04-21,Electronics,East,8,159.1,31,1.3,1272.8
1245,2024-04-21,Electronics,North,1,173.92,45,2.9,173.92
1182,2024-04-22,Home,West,3,485.11,55,1.3,1455.33
1267,2024-04-22,Home,West,9,132.1,67,3.5,1188.9
1189,2024-04-22,Clothing,South,1,419.87,34,4.3,419.87
1193,2024-04-22,Electronics,South,9,310.83,19,1.8,2797.47
1247,2024-04-22,Sports,South,2,202.42,60,2.8,404.84
1191,2024-04-22,Books,West,9,343.21,58,4.1,3088.89
1345,2024-04-23,Home,East,6,180.72,46,4.4,1084.32
1377,2024-04-24,Electronics,North,8,121.15,18,4.0,969.2
1297,2024-04-24,Home,West,5,109.96,26,2.8,549.8
1265,2024-04-25,Sports,East,9,55.2,19,,496.8
1332,2024-04-25,Electronics,South,6,347.76,61,1.2,2086.56
1167,2024-04-25,Home,East,3,482.73,28,1.8,1448.19
1212,2024-04-25,Books,West,8,285.67,62,1.8,2285.36
1322,2024-04-26,Sports,South,9,119.81,35,3.2,1078.29
1012,2024-04-26,Electronics,South,2,349.02,69,4.5,698.04
1178,2024-04-27,Electronics,South,2,157.43,58,2.8,314.86
1298,2024-04-28,Clothing,South,4,307.44,42,4.5,1229.76
1262,2024-04-29,Clothing,South,3,34.83,57,3.5,104.49
1166,2024-04-30,Home,East,2,493.38,66,4.1,986.76
1164,2024-04-30,Sports,South,8,25.58,34,2.8,204.64
1009,2024-05-01,Electronics,East,3,242.57,32,2.3,727.71
1207,2024-05-02,Clothing,North,1,28.86,66,4.4,28.86
1103,2024-05-02,Home,North,2,109.28,40,4.6,218.56
1217,2024-05-03,Sports,East,7,335.46,18,2.8,2348.22
1325,2024-05-03,Books,East,6,250.9,38,1.0,1505.4
1132,2024-05-03,Clothing,North,8,121.84,52,3.3,14620.800000000001
1084,2024-05-03,Clothing,East,1,434.79,49,2.9,434.79
1387,2024-05-04,Home,West,3,378.86,51,4.9,1136.58
1200,2024-05-05,Electronics,West,3,111.76,38,2.6,335.28
1350,2024-05-06,Clothing,South,4,120.69,67,1.5,482.76
1294,2024-05-07,Clothing,West,1,410.5,34,3.2,410.5
1290,2024-05-07,Clothing,North,6,26.49,51,3.7,158.94
1231,2024-05-07,Electronics,West,9,227.1,34,1.6,2043.9
1161,2024-05-07,Clothing,West,2,467.27,62,1.2,934.54
1336,2024-05-07,Sports,South,6,363.55,39,3.4,2181.3
1277,2024-05-07,Electronics,West,6,65.33,27,2.1,391.98
1235,2024-05-08,Clothing,North,8,41.23,57,3.9,329.84
1198,2024-05-08,Home,West,1,346.32,67,3.5,346.32
1094,2024-05-08,Home,East,5,222.11,51,1.5,1110.55
1163,2024-05-08,Home,North,1,256.08,53,4.2,256.08
1249,2024-05-08,Electronics,North,1,269.13,22,3.0,269.13
1195,2024-05-09,Electronics,North,7,287.45,46,2.1,2012.15
1201,2024-05-09,Electronics,West,8,331.15,45,4.7,2649.2
1052,2024-05-09,Electronics,East,5,44.66,31,1.9,223.3
1352,2024-05-09,Clothing,South,3,440.64,32,4.6,1321.92
1187,2024-05-09,Books,East,7,92.69,66,1.4,648.83
1023,2024-05-09,Clothing,West,6,352.72,41,3.5,2116.32
1188,2024-05-10,Home,West,4,347.85,58,3.6,1391.4
1122,2024-05-10,Home,West,2,85.94,56,3.2,171.88
1038,2024-05-10,Electronics,North,9,87.9,44,4.3,791.1
1258,2024-05-10,Electronics,East,5,325.5,45,2.4,1627.5
1016,2024-05-10,Electronics,East,2,242.85,66,3.9,485.7
1045,2024-05-11,Sports,North,6,272.94,27,4.2,1637.64
1064,2024-05-11,Home,South,5,436.53,51,2.5,2182.65
1138,2024-05-11,Sports,South,6,218.29,24,1.6,1309.74
1066,2024-05-13,Electronics,South,6,488.05,38,3.4,2928.3
1153,2024-05-13,Home,West,3,60.4,30,1.7,181.2
1107,2024-05-14,Clothing,East,9,70.13,38,2.8,631.17
1368,2024-05-14,Electronics,West,9,104.46,61,3.8,940.14
1040,2024-05-14,Clothing,South,2,320.03,52,1.3,640.06
1292,2024-05-14,Clothing,East,3,475.94,27,4.6,1427.82
1291,2024-05-15,Clothing,North,8,318.41,28,2.0,2547.28
1095,2024-05-15,Home,North,8,364.0,27,4.0,2912.0
1099,2024-05-15,Sports,East,3,213.75,67,1.2,641.25
1356,2024-05-16,Home,East,4,169.84,61,3.3,679.36
1171,2024-05-16,Electronics,South,7,434.62,21,4.0,3042.34
1128,2024-05-16,Books,South,7,387.87,56,4.9,2715.09
1214,2024-05-18,Home,South,5,439.87,22,4.6,2199.35
1097,2024-05-18,Electronics,North,4,437.34,19,4.8,1749.36
1251,2024-05-19,Electronics,South,3,383.62,49,2.3,1150.86
1286,2024-05-21,Home,South,8,481.65,48,4.8,3853.2
1376,2024-05-21,Sports,East,9,463.95,25,3.4,4175.55
1125,2024-05-21,Sports,East,1,132.78,69,2.7,132.78
1378,2024-05-22,Electronics,East,2,202.66,61,3.0,405.32
1140,2024-05-22,Electronics,South,9,310.49,39,2.0,2794.41
1375,2024-05-23,Electronics,North,1,398.75,33,4.8,398.75
1243,2024-05-23,Electronics,East,3,242.2,24,3.8,726.6
1215,2024-05-23,Books,North,5,205.05,49,3.6,1025.25
1208,2024-05-24,Home,West,5,488.7,32,4.6,2443.5
1293,2024-05-24,Home,North,8,302.8,32,3.7,2422.4
1071,2024-05-25,Home,East,7,251.61,21,1.1,1761.27
1276,2024-05-25,Books,East,2,209.71,67,4.3,419.42
1199,2024-05-26,Clothing,East,1,339.87,57,4.2,339.87
1225,2024-05-26,Home,North,8,7.85,18,4.9,62.8
1223,2024-05-26,Books,East,4,64.5,40,4.9,258.0
1256,2024-05-26,Sports,North,9,101.91,49,2.0,917.19
1314,2024-05-26,Clothing,East,1,369.75,52,,369.75
1289,2024-05-27,Home,South,1,277.36,49,4.2,277.36
1259,2024-05-27,Sports,South,2,449.53,34,2.8,899.06
1221,2024-05-27,Sports,North,9,220.61,30,4.2,1985.49
1226,2024-05-27,Clothing,South,4,165.67,62,3.7,662.68
1017,2024-05-29,Electronics,South,3,56.94,59,4.5,170.82
1388,2024-05-29,Sports,South,5,68.22,60,2.3,341.1
1349,2024-05-30,Electronics,South,2,401.18,44,3.4,802.36
1139,2024-05-30,Clothing,South,8,128.11,54,1.9,1024.88
1113,2024-05-30,Sports,East,8,94.58,33,4.6,756.64
1238,2024-05-30,Home,East,5,311.65,53,3.9,1558.25
1015,2024-05-31,Home,North,4,24.61,64,2.8,98.44
1365,2024-05-31,Clothing,North,4,479.02,46,3.4,1916.08
1264,2024-05-31,Home,South,3,179.05,26,4.4,537.15
1176,2024-05-31,Home,East,6,74.13,57,4.5,444.78
1260,2024-05-31,Home,South,9,125.52,48,4.0,1129.68
1274,2024-06-01,Clothing,West,8,359.49,58,4.4,2875.92
1385,2024-06-01,Books,East,4,313.67,49,1.6,1254.68
1364,2024-06-01,Electronics,North,5,283.34,40,2.8,1416.7
1083,2024-06-02,Electronics,West,4,234.0,23,2.8,936.0
1170,2024-06-03,Clothing,West,7,321.36,43,2.3,2249.52
1351,2024-06-03,Clothing,East,1,272.31,48,1.4,272.31
1086,2024-06-05,Clothing,South,8,372.64,60,1.3,2981.12
1320,2024-06-06,Clothing,North,3,305.51,58,1.5,916.53
1021,2024-06-06,Electronics,West,5,251.95,52,3.8,1259.75
1300,2024-06-06,Clothing,West,7,420.73,31,2.5,2945.11
1239,2024-06-07,Home,East,6,234.43,28,1.7,1406.58
1204,2024-06-08,Clothing,West,2,57.76,25,3.8,115.52
1145,2024-06-08,Electronics,South,1,369.52,55,4.4,369.52
1205,2024-06-08,Electronics,North,5,330.63,39,4.2,1653.15
1253,2024-06-08,Clothing,East,6,360.47,27,3.8,2162.82
1333,2024-06-08,Electronics,South,1,495.67,49,4.6,495.67
1179,2024-06-08,Books,West,1,353.82,46,4.9,353.82
1334,2024-06-09,Electronics,West,6,68.56,28,4.4,411.36
1025,2024-06-09,Electronics,East,2,9.84,47,4.2,19.68
1229,2024-06-09,Electronics,South,3,349.26,52,4.5,1047.78
1283,2024-06-09,Sports,North,3,57.9,19,1.1,173.7
1263,2024-06-09,Sports,East,9,467.55,42,2.4,4207.95
1355,2024-06-09,Home,North,7,165.55,41,4.5,1158.85
1073,2024-06-10,Electronics,South,5,361.0,29,2.1,1805.0
1110,2024-06-10,Electronics,South,1,93.94,63,3.0,93.94
1101,2024-06-11,Electronics,South,4,298.21,32,2.0,1192.84
1281,2024-06-11,Clothing,North,2,264.96,44,2.2,529.92
1100,2024-06-11,Home,East,3,142.03,48,2.1,426.09
1268,2024-06-12,Books,East,8,146.01,20,1.5,1168.08
1222,2024-06-12,Clothing,South,7,409.83,25,3.0,2868.81
1061,2024-06-12,Sports,East,7,34.87,23,1.5,244.09
1173,2024-06-13,Clothing,East,8,260.22,69,1.8,2081.76
1269,2024-06-14,Home,East,9,157.11,66,3.7,1413.99
1043,2024-06-15,Electronics,South,9,468.43,37,4.1,4215.87
1230,2024-06-16,Electronics,South,2,197.34,41,2.7,394.68
1282,2024-06-17,Sports,North,8,355.98,57,1.9,2847.84
1031,2024-06-18,Clothing,East,1,43.9,69,3.3,43.9
1360,2024-06-18,Clothing,South,3,281.1,54,2.7,843.3
1394,2024-06-18,Books,West,1,135.24,44,3.1,135.24
1150,2024-06-18,Books,West,5,294.75,56,1.3,1473.75
1141,2024-06-19,Clothing,North,2,354.85,22,4.4,709.7
1117,2024-06-20,Clothing,West,3,436.02,21,2.4,1308.06
1175,2024-06-20,Books,West,4,335.1,35,4.5,1340.4
1203,2024-06-20,Electronics,West,4,327.36,51,1.6,1309.44
1319,2024-06-20,Electronics,North,6,322.78,29,4.5,1936.68
1056,2024-06-20,Clothing,South,2,228.9,63,4.7,457.8
1371,2024-06-21,Clothing,East,1,227.93,54,1.4,227.93
1343,2024-06-22,Home,West,7,165.07,35,3.3,1155.49
1121,2024-06-23,Home,North,6,298.51,54,4.9,1791.06
1058,2024-06-23,Home,West,5,265.57,20,2.7,19917.75
1033,2024-06-23,Electronics,South,7,70.69,26,3.2,494.83
1347,2024-06-23,Electronics,East,7,261.93,32,1.3,1833.51
1358,2024-06-24,Home,West,4,497.1,39,2.7,1988.4
1296,2024-06-24,Electronics,North,9,117.9,35,2.8,1061.1
1237,2024-06-26,Books,South,5,335.77,63,1.3,1678.85
1133,2024-06-27,Home,East,5,41.38,24,2.9,206.9
1393,2024-06-28,Electronics,West,7,155.05,56,1.8,1085.35
1181,2024-06-28,Electronics,South,7,338.35,46,1.1,2368.45
1002,2024-06-28,Books,North,2,138.15,43,1.0,276.3
